@title,MHQ
ﻄﻠﺐ ھﺬا اﻻﺳﺘﺒﯿﺎن وﺟﮭﺔ ﻧﻈﺮك ﺣﻮل ﯾﺪﯾﻚ وﺻﺤﺘﻚ. ﺳﯿﺴﺎﻋﺪﻧﺎ ھﺬه اﻟﻤﻌﻠﻮﻣﺎت ﻓﻲ ﺗﺘﺒﻊ ﺷﻌﻮرك وﻣﺪى ﻗﺪرﺗﻚ ﻋﻠﻰ اﻟﻘﯿﺎم ﺑﺄﻧﺸﻄﺘﻚ اﻟﻌﺎدﯾﺔ. أﺟﺐ ﻋﻠﻰ ﻛﻞ ﺳﺆال ﺑﻮﺿﻊ ﻋﻼﻣﺔ ﻋﻠﻰ اﻹﺟﺎﺑﺔ ﻛﻤﺎ ھﻮ ﻣﻮﺿﺢ. إذا ﻛﻨﺖ ﻏﯿﺮ ﻣﺘﺄﻛﺪ ﻣﻦ ﻛﯿﻔﯿﺔ اﻹﺟﺎﺑﺔ ﻋﻠﻰ ﺳﺆال، ﯾﺮﺟﻰ ﺗﻘﺪﯾﻢ أﻓﻀﻞ إﺟﺎﺑﺔ ﯾﻤﻜﻨﻚ.
أ) اﻷﺳﺌﻠﺔ اﻟﺘﺎﻟﯿﺔ ﺗﺘﻌﻠﻖ ﺑﻮظﯿﻔﺔ ﯾﺪك/رﺳﻐﻚ ﺧﻼل اﻷﺳﺒﻮع اﻟﻤﺎﺿﻲ. (ﯾﺮﺟﻰ ﺗﺤﺪﯾﺪ إﺟﺎﺑﺔ واﺣﺪة ﻟﻜﻞ ﺳﺆال). ﯾﺮﺟﻰ اﻹﺟﺎﺑﺔ ﻋﻠﻰ ﻛﻞ ﺳﺆال، ﺣﺘﻰ إذا ﻟﻢ ﺗﻮاﺟﮫ أي ﻣﺸﺎﻛﻞ ﻣﻊ اﻟﯿﺪ و/أو اﻟﺮﺳﻎ.
1) اﻷﺳﺌﻠﺔ اﻟﺘﺎﻟﯿﺔ ﺗﺘﻌﻠﻖ ﺑﯿﺪك/رﺳﻐﻚ اﻷﯾﻤﻦ
1. ﺑﺸﻜﻞ ﻋﺎم، ﻛﯿﻒ ﻛﺎﻧﺖ وظﯿﻔﺔ ﯾﺪك اﻟﯿﻤﻨﻰ؟,5- ضعيف جدًا,4- ضعيف,3- مقبول,2- جيد,1- جيد جدًا
2. ﻛﯿﻒ ﻛﺎﻧﺖ ﺣﺮﻛﺔ أﺻﺎﺑﻊ ﯾﺪك اﻟﯿﻤﻨﻰ؟,5- ضعيف جدًا,4- ضعيف,3- مقبول,2- جيد,1- جيد جدًا
3. ﻛﯿﻒ ﻛﺎﻧﺖ ﺣﺮﻛﺔ رﺳﻎ ﯾﺪك اﻟﯿﻤﻨﻰ؟,5- ضعيف جدًا,4- ضعيف,3- مقبول,2- جيد,1- جيد جدًا
4. ﻛﯿﻒ ﻛﺎﻧﺖ ﻗﻮة ﯾﺪك اﻟﯿﻤﻨﻰ؟,5- ضعيف جدًا,4- ضعيف,3- مقبول,2- جيد,1- جيد جدًا
5. ﻛﯿﻒ ﻛﺎن اﻹﺣﺴﺎس (اﻟﺸﻌﻮر) ﻓﻲ ﯾﺪك اﻟﯿﻤﻨﻰ؟,5- ضعيف جدًا,4- ضعيف,3- مقبول,2- جيد,1- جيد جدًا
2) اﻷﺳﺌﻠﺔ اﻟﺘﺎﻟﯿﺔ ﺗﺘﻌﻠﻖ ﺑﯿﺪك/رﺳﻐﻚ اﻷﯾﺴﺮ
1. ﺑﺸﻜﻞ ﻋﺎم، ﻛﯿﻒ ﻛﺎﻧﺖ وظﯿﻔﺔ ﯾﺪك اﻟﯿﺴﺮى؟,5- ضعيف جدًا,4- ضعيف,3- مقبول,2- جيد,1- جيد جدًا
2. ﻛﯿﻒ ﻛﺎﻧﺖ ﺣﺮﻛﺔ أﺻﺎﺑﻊ ﯾﺪك اﻟﯿﺴﺮى؟,5- ضعيف جدًا,4- ضعيف,3- مقبول,2- جيد,1- جيد جدًا
3. ﻛﯿﻒ ﻛﺎﻧﺖ ﺣﺮﻛﺔ رﺳﻎ ﯾﺪك اﻟﯿﺴﺮى؟,5- ضعيف جدًا,4- ضعيف,3- مقبول,2- جيد,1- جيد جدًا
4. ﻛﯿﻒ ﻛﺎﻧﺖ ﻗﻮة ﯾﺪك اﻟﯿﺴﺮى؟,5- ضعيف جدًا,4- ضعيف,3- مقبول,2- جيد,1- جيد جدًا
5. ﻛﯿﻒ ﻛﺎن اﻹﺣﺴﺎس (اﻟﺸﻌﻮر) ﻓﻲ ﯾﺪك اﻟﯿﺴﺮى؟,5- ضعيف جدًا,4- ضعيف,3- مقبول,2- جيد,1- جيد جدًا
ب) اﻷﺳﺌﻠﺔ اﻟﺘﺎﻟﯿﺔ ﺗﺘﻌﻠﻖ ﺑﻘﺪرة ﯾﺪك/ﯾﺪﯾﻚ ﻋﻠﻰ أداء ﺑﻌﺾ اﻟﻤﮭﺎم ﺧﻼل اﻷﺳﺒﻮع اﻟﻤﺎﺿﻲ. (ﯾﺮﺟﻰ ﺗﺤﺪﯾﺪ إﺟﺎﺑﺔ واﺣﺪة ﻟﻜﻞ ﺳﺆال.) إذا ﻟﻢ ﺗﻘﻢ ﺑﻤﮭﻤﺔ ﻣﻌﯿﻨﺔ، ﯾﺮﺟﻰ ﺗﻘﺪﯾﺮ ﻣﺪى اﻟﺼﻌﻮﺑﺔ اﻟﺘﻲ ﺳﺘﻮاﺟﮭﮭﺎ ﻓﻲ اﻟﻘﯿﺎم ﺑﮭﺎ.
1) ﻛﻢ ﻛﺎﻧﺖ ﺻﻌﻮﺑﺔ أداء اﻷﻧﺸﻄﺔ اﻟﺘﺎﻟﯿﺔ ﺑﺎﺳﺘﺨﺪام ﯾﺪك اﻟﯿﻤﻨﻰ؟
1. ﺗﺪوﯾﺮ ﻣﻘﺒﺾ اﻟﺒﺎب,5- ﺻﻌﺐ ﺟﺪًا,4- ﺻﻌﺐ ﺑﺸﻜﻞ ﻣﻌﺘﺪل,3- ﺻﻌﺐ ﺑﻌﺾ اﻟﺸﻲء,2- ﺻﻌﺐ ﻗﻠﯿﻼً,1- ﻟﯿﺲ ﺻﻌﺒًﺎ ﻋﻠﻰ اﻹطﻼق
2. اﻟﺘﻘﺎط ﻋﻤﻠﺔ ﻣﻌﺪﻧﯿﺔ,5- ﺻﻌﺐ ﺟﺪًا,4- ﺻﻌﺐ ﺑﺸﻜﻞ ﻣﻌﺘﺪل,3- ﺻﻌﺐ ﺑﻌﺾ اﻟﺸﻲء,2- ﺻﻌﺐ ﻗﻠﯿﻼً,1- ﻟﯿﺲ ﺻﻌﺒًﺎ ﻋﻠﻰ اﻹطﻼق
3. ﺣﻤﻞ ﻛﻮب ﻣﻦ اﻟﻤﺎء,5- ﺻﻌﺐ ﺟﺪًا,4- ﺻﻌﺐ ﺑﺸﻜﻞ ﻣﻌﺘﺪل,3- ﺻﻌﺐ ﺑﻌﺾ اﻟﺸﻲء,2- ﺻﻌﺐ ﻗﻠﯿﻼً,1- ﻟﯿﺲ ﺻﻌﺒًﺎ ﻋﻠﻰ اﻹطﻼق
4. ﺗﺪوﯾﺮ ﻣﻔﺘﺎح ﻓﻲ اﻟﻘﻔﻞ,5- ﺻﻌﺐ ﺟﺪًا,4- ﺻﻌﺐ ﺑﺸﻜﻞ ﻣﻌﺘﺪل,3- ﺻﻌﺐ ﺑﻌﺾ اﻟﺸﻲء,2- ﺻﻌﺐ ﻗﻠﯿﻼً,1- ﻟﯿﺲ ﺻﻌﺒًﺎ ﻋﻠﻰ اﻹطﻼق
5. ﺣﻤﻞ ﻣﻘﻼة,5- ﺻﻌﺐ ﺟﺪًا,4- ﺻﻌﺐ ﺑﺸﻜﻞ ﻣﻌﺘﺪل,3- ﺻﻌﺐ ﺑﻌﺾ اﻟﺸﻲء,2- ﺻﻌﺐ ﻗﻠﯿﻼً,1- ﻟﯿﺲ ﺻﻌﺒًﺎ ﻋﻠﻰ اﻹطﻼق
1) ﻛﻢ ﻛﺎﻧﺖ ﺻﻌﻮﺑﺔ أداء اﻷﻧﺸﻄﺔ اﻟﺘﺎﻟﯿﺔ ﺑﺎﺳﺘﺨﺪام ﯾﺪك اليسرى؟
1. ﺗﺪوﯾﺮ ﻣﻘﺒﺾ اﻟﺒﺎب,5- ﺻﻌﺐ ﺟﺪًا,4- ﺻﻌﺐ ﺑﺸﻜﻞ ﻣﻌﺘﺪل,3- ﺻﻌﺐ ﺑﻌﺾ اﻟﺸﻲء,2- ﺻﻌﺐ ﻗﻠﯿﻼً,1- ﻟﯿﺲ ﺻﻌﺒًﺎ ﻋﻠﻰ اﻹطﻼق
2. اﻟﺘﻘﺎط ﻋﻤﻠﺔ ﻣﻌﺪﻧﯿﺔ,5- ﺻﻌﺐ ﺟﺪًا,4- ﺻﻌﺐ ﺑﺸﻜﻞ ﻣﻌﺘﺪل,3- ﺻﻌﺐ ﺑﻌﺾ اﻟﺸﻲء,2- ﺻﻌﺐ ﻗﻠﯿﻼً,1- ﻟﯿﺲ ﺻﻌﺒًﺎ ﻋﻠﻰ اﻹطﻼق
3. ﺣﻤﻞ ﻛﻮب ﻣﻦ اﻟﻤﺎء,5- ﺻﻌﺐ ﺟﺪًا,4- ﺻﻌﺐ ﺑﺸﻜﻞ ﻣﻌﺘﺪل,3- ﺻﻌﺐ ﺑﻌﺾ اﻟﺸﻲء,2- ﺻﻌﺐ ﻗﻠﯿﻼً,1- ﻟﯿﺲ ﺻﻌﺒًﺎ ﻋﻠﻰ اﻹطﻼق
4. ﺗﺪوﯾﺮ ﻣﻔﺘﺎح ﻓﻲ اﻟﻘﻔﻞ,5- ﺻﻌﺐ ﺟﺪًا,4- ﺻﻌﺐ ﺑﺸﻜﻞ ﻣﻌﺘﺪل,3- ﺻﻌﺐ ﺑﻌﺾ اﻟﺸﻲء,2- ﺻﻌﺐ ﻗﻠﯿﻼً,1- ﻟﯿﺲ ﺻﻌﺒًﺎ ﻋﻠﻰ اﻹطﻼق
5. ﺣﻤﻞ ﻣﻘﻼة,5- ﺻﻌﺐ ﺟﺪًا,4- ﺻﻌﺐ ﺑﺸﻜﻞ ﻣﻌﺘﺪل,3- ﺻﻌﺐ ﺑﻌﺾ اﻟﺸﻲء,2- ﺻﻌﺐ ﻗﻠﯿﻼً,1- ﻟﯿﺲ ﺻﻌﺒًﺎ ﻋﻠﻰ اﻹطﻼق
3) ﻛﻢ ﻛﺎﻧﺖ ﺻﻌﻮﺑﺔ أداء اﻷﻧﺸﻄﺔ اﻟﺘﺎﻟﯿﺔ ﺑﺎﺳﺘﺨﺪام ﻛﻠﺘﺎ ﯾﺪﯾﻚ؟
1. ﻓﺘﺢ إﻧﺎء,5- ﺻﻌﺐ ﺟﺪًا,4- ﺻﻌﺐ ﺑﺸﻜﻞ ﻣﻌﺘﺪل,3- ﺻﻌﺐ ﺑﻌﺾ اﻟﺸﻲء,2- ﺻﻌﺐ ﻗﻠﯿﻼً,1- ﻟﯿﺲ ﺻﻌﺒًﺎ ﻋﻠﻰ اﻹطﻼق
2. ﺗﺰرﯾﺮ ﻗﻤﯿﺺ/ﺑﻠﻮزة,5- ﺻﻌﺐ ﺟﺪًا,4- ﺻﻌﺐ ﺑﺸﻜﻞ ﻣﻌﺘﺪل,3- ﺻﻌﺐ ﺑﻌﺾ اﻟﺸﻲء,2- ﺻﻌﺐ ﻗﻠﯿﻼً,1- ﻟﯿﺲ ﺻﻌﺒًﺎ ﻋﻠﻰ اﻹطﻼق
3. ﺗﻨﺎول اﻟﻄﻌﺎم ﺑﺴﻜﯿﻦ/ﺷﻮﻛﺔ,5- ﺻﻌﺐ ﺟﺪًا,4- ﺻﻌﺐ ﺑﺸﻜﻞ ﻣﻌﺘﺪل,3- ﺻﻌﺐ ﺑﻌﺾ اﻟﺸﻲء,2- ﺻﻌﺐ ﻗﻠﯿﻼً,1- ﻟﯿﺲ ﺻﻌﺒًﺎ ﻋﻠﻰ اﻹطﻼق
4. ﺣﻤﻞ ﻛﯿﺲ اﻟﺒﻘﺎﻟﺔ,5- ﺻﻌﺐ ﺟﺪًا,4- ﺻﻌﺐ ﺑﺸﻜﻞ ﻣﻌﺘﺪل,3- ﺻﻌﺐ ﺑﻌﺾ اﻟﺸﻲء,2- ﺻﻌﺐ ﻗﻠﯿﻼً,1- ﻟﯿﺲ ﺻﻌﺒًﺎ ﻋﻠﻰ اﻹطﻼق
5. ﻏﺴﻞ اﻷطﺒﺎق,5- ﺻﻌﺐ ﺟﺪًا,4- ﺻﻌﺐ ﺑﺸﻜﻞ ﻣﻌﺘﺪل,3- ﺻﻌﺐ ﺑﻌﺾ اﻟﺸﻲء,2- ﺻﻌﺐ ﻗﻠﯿﻼً,1- ﻟﯿﺲ ﺻﻌﺒًﺎ ﻋﻠﻰ اﻹطﻼق
6. ﻏﺴﻞ ﺷﻌﺮك,5- ﺻﻌﺐ ﺟﺪًا,4- ﺻﻌﺐ ﺑﺸﻜﻞ ﻣﻌﺘﺪل,3- ﺻﻌﺐ ﺑﻌﺾ اﻟﺸﻲء,2- ﺻﻌﺐ ﻗﻠﯿﻼً,1- ﻟﯿﺲ ﺻﻌﺒًﺎ ﻋﻠﻰ اﻹطﻼق
7. رﺑﻂ ﺣﺬاء/ﻋﻘﺪ,5- ﺻﻌﺐ ﺟﺪًا,4- ﺻﻌﺐ ﺑﺸﻜﻞ ﻣﻌﺘﺪل,3- ﺻﻌﺐ ﺑﻌﺾ اﻟﺸﻲء,2- ﺻﻌﺐ ﻗﻠﯿﻼً,1- ﻟﯿﺲ ﺻﻌﺒًﺎ ﻋﻠﻰ اﻹطﻼق
ج) اﻷﺳﺌﻠﺔ اﻟﺘﺎﻟﯿﺔ ﺗﺘﻌﻠﻖ ﺑﻤﺪى أداءك ﻓﻲ ﻋﻤﻠﻚ اﻟﻌﺎدي (ﺑﻤﺎ ﻓﻲ ذﻟﻚ اﻷﻋﻤﺎل اﻟﻤﻨﺰﻟﯿﺔ واﻟﺪراﺳﯿﺔ) ﺧﻼل اﻷﺳﺎﺑﯿﻊ اﻷرﺑﻌﺔ اﻟﻤﺎﺿﯿﺔ. (ﯾﺮﺟﻰ ﺗﺤﺪﯾﺪ إﺟﺎﺑﺔ واﺣﺪة ﻟﻜﻞ ﺳﺆال)
1. ﻛﻢ ﻣﺮة ﻟﻢ ﺗﺘﻤﻜﻦ ﻣﻦ اﻟﻘﯿﺎم ﺑﻌﻤﻠﻚ ﺑﺴﺒﺐ ﻣﺸﺎﻛﻞ ﻓﻲ ﯾﺪك/ﯾﺪﯾﻚ/رﺳﻐﻚ/رﺳﻐﯿﻚ؟,5- أبدًا,4- نادرًا,3- أحيانًا,2- غالبًا,1- دائمًا
2. ﻛﻢ ﻣﺮة اﺿﻄﺮرت ﻟﺘﻘﺼﯿﺮ ﯾﻮم ﻋﻤﻠﻚ ﺑﺴﺒﺐ ﻣﺸﺎﻛﻞ ﻓﻲ ﯾﺪك/ﯾﺪﯾﻚ/رﺳﻐﻚ/رﺳﻐﯿﻚ؟,5- أبدًا,4- نادرًا,3- أحيانًا,2- غالبًا,1- دائمًا
3. ﻛﻢ ﻣﺮة اﺿﻄﺮرت ﺗﺨﻔﯿﺾ اﻟﻀﻐﻂ ﻓﻲ ﻋﻤﻠﻚ ﺑﺴﺒﺐ ﻣﺸﺎﻛﻞ ﻓﻲ ﯾﺪك/ﯾﺪﯾﻚ/رﺳﻐﻚ/رﺳﻐﯿﻚ؟,5- أبدًا,4- نادرًا,3- أحيانًا,2- غالبًا,1- دائمًا
4. ﻛﻢ ﻣﺮة أﻧﺠﺰت أﻗﻞ ﻓﻲ ﻋﻤﻠﻚ ﺑﺴﺒﺐ ﻣﺸﺎﻛﻞ ﻓﻲ ﯾﺪك/ﯾﺪﯾﻚ/رﺳﻐﻚ/رﺳﻐﯿﻚ؟,5- أبدًا,4- نادرًا,3- أحيانًا,2- غالبًا,1- دائمًا
5. ﻛﻢ ﻣﺮة اﺳﺘﻐﺮﻗﺖ وﻗﺘًﺎ أطﻮل ﻷداء اﻟﻤﮭﺎم ﻓﻲ ﻋﻤﻠﻚ ﺑﺴﺒﺐ ﻣﺸﺎﻛﻞ ﻓﻲ ﯾﺪك/ﯾﺪﯾﻚ/رﺳﻐﻚ/رﺳﻐﯿﻚ؟,5- أبدًا,4- نادرًا,3- أحيانًا,2- غالبًا,1- دائمًا
د) اﻷﺳﺌﻠﺔ اﻟﺘﺎﻟﯿﺔ ﺗﺘﻌﻠﻖ ﺑﻤﺪى اﻷﻟﻢ اﻟﺬي ﺷﻌﺮت ﺑﮫ ﻓﻲ ﯾﺪك/رﺳﻐﻚ ﺧﻼل اﻷﺳﺒﻮع الماضي (ﯾﺮﺟﻰ ﺗﺤﺪﯾﺪ إﺟﺎﺑﺔ واﺣﺪة ﻟﻜﻞ ﺳﺆال)
1) اﻷﺳﺌﻠﺔ اﻟﺘﺎﻟﯿﺔ ﺗﺘﻌﻠﻖ ﺑﺎﻷﻟﻢ ﻓﻲ ﯾﺪك/رﺳﻐﻚ الأيمن
1. ﻛﻢ ﻣﺮة ﺷﻌﺮت ﺑﺎﻷﻟﻢ ﻓﻲ ﯾﺪك/رﺳﻐﻚ اﻷﯾﻤﻦ؟,5- أبدًا,4- نادرًا,3- أحيانًا,2- غالبًا,1- دائمًا
"د)2) إذا أﺟﺒﺖ ""أﺑﺪًا"" ﻋﻠﻰ اﻟﺴﺆال أﻋﻼه، ﯾﺮﺟﻰ ﺗﺨﻄﻲ اﻷﺳﺌﻠﺔ اﻟﺘﺎﻟﯿﺔ واﻻﻧﺘﻘﺎل إﻟﻰ السؤال"
1: ﺧﻔﯿﻒ ﺟﺪًا – 2: ﺧﻔﯿﻒ – 3: ﻣﺘﻮﺳﻂ – 4: ﺷﺪﯾﺪ – 5: ﺷﺪﯾﺪ ﺟﺪًا
2. ﯾﺮﺟﻰ وﺻﻒ اﻷﻟﻢ اﻟﺬي ﺷﻌﺮت ﺑﮫ ﻓﻲ ﯾﺪك/رﺳﻐﻚ اﻷﯾﻤﻦ,5- ﺷﺪﯾﺪ ﺟﺪًا,4- ﺷﺪﯾﺪ,3- ﻣﺘﻮﺳﻂ,2- ﺧﻔﯿﻒ,1- ﺧﻔﯿﻒ ﺟﺪًا
1: دائمًا – 2: غالبًا – 3: أحيانًا – 4: نادرًا – 5: أبدًا
3. ﻛﻢ ﻣﺮة ﺗﺴﺒﺐ اﻷﻟﻢ ﻓﻲ ﯾﺪك/رﺳﻐﻚ اﻷﯾﻤﻦ ﻓﻲ إزﻋﺎج ﻧﻮﻣﻚ؟,5- أبدًا,4- نادرًا,3- أحيانًا,2- غالبًا,1- دائمًا
4. ﻛﻢ ﻣﺮة ﺗﺴﺒﺐ اﻷﻟﻢ ﻓﻲ ﯾﺪك/رﺳﻐﻚ اﻷﯾﻤﻦ ﻓﻲ إﻋﺎﻗﺔ أﻧﺸﻄﺘﻚ اﻟﯿﻮﻣﯿﺔ (ﻣﺜﻞ ﺗﻨﺎول اﻟﻄﻌﺎم أو اﻻﺳﺘﺤﻤﺎم)؟,5- أبدًا,4- نادرًا,3- أحيانًا,2- غالبًا,1- دائمًا
5. ﻛﻢ ﻣﺮة ﺟﻌﻠﻚ اﻷﻟﻢ ﻓﻲ ﯾﺪك/رﺳﻐﻚ اﻷﯾﻤﻦ ﺗﺸﻌﺮ ﺑﻌﺪم اﻟﺴﻌﺎدة؟,5- أبدًا,4- نادرًا,3- أحيانًا,2- غالبًا,1- دائمًا
2) اﻷﺳﺌﻠﺔ اﻟﺘﺎﻟﯿﺔ ﺗﺘﻌﻠﻖ ﺑﺎﻷﻟﻢ ﻓﻲ ﯾﺪك/رﺳﻐﻚ الأيسر
1. ﻛﻢ ﻣﺮة ﺷﻌﺮت ﺑﺎﻷﻟﻢ ﻓﻲ ﯾﺪك/رﺳﻐﻚ الأيسر؟,5- أبدًا,4- نادرًا,3- أحيانًا,2- غالبًا,1- دائمًا
"إذا أﺟﺒﺖ ""أﺑﺪًا"" ﻋﻠﻰ اﻟﺴﺆال أﻋﻼه، ﯾﺮﺟﻰ ﺗﺨﻄﻲ اﻷﺳﺌﻠﺔ اﻟﺘﺎﻟﯿﺔ واﻻﻧﺘﻘﺎل إﻟﻰ السؤال ه)1"
1: ﺧﻔﯿﻒ ﺟﺪًا – 2: ﺧﻔﯿﻒ – 3: ﻣﺘﻮﺳﻂ – 4: ﺷﺪﯾﺪ – 5: ﺷﺪﯾﺪ ﺟﺪًا
2. ﯾﺮﺟﻰ وﺻﻒ اﻷﻟﻢ اﻟﺬي ﺷﻌﺮت ﺑﮫ ﻓﻲ ﯾﺪك/رﺳﻐﻚ الأيسر,5- ﺷﺪﯾﺪ ﺟﺪًا,4- ﺷﺪﯾﺪ,3- ﻣﺘﻮﺳﻂ,2- ﺧﻔﯿﻒ,1- ﺧﻔﯿﻒ ﺟﺪًا
1: دائمًا – 2: غالبًا – 3: أحيانًا – 4: نادرًا – 5: أبدًا
3. ﻛﻢ ﻣﺮة ﺗﺴﺒﺐ اﻷﻟﻢ ﻓﻲ ﯾﺪك/رﺳﻐﻚ الأيسر ﻓﻲ إزﻋﺎج ﻧﻮﻣﻚ؟,5- أبدًا,4- نادرًا,3- أحيانًا,2- غالبًا,1- دائمًا
4. ﻛﻢ ﻣﺮة ﺗﺴﺒﺐ اﻷﻟﻢ ﻓﻲ ﯾﺪك/رﺳﻐﻚ الأيسر ﻓﻲ إﻋﺎﻗﺔ أﻧﺸﻄﺘﻚ اﻟﯿﻮﻣﯿﺔ (ﻣﺜﻞ ﺗﻨﺎول اﻟﻄﻌﺎم أو اﻻﺳﺘﺤﻤﺎم)؟,5- أبدًا,4- نادرًا,3- أحيانًا,2- غالبًا,1- دائمًا
5. ﻛﻢ ﻣﺮة ﺟﻌﻠﻚ اﻷﻟﻢ ﻓﻲ ﯾﺪك/رﺳﻐﻚ الأيسر ﺗﺸﻌﺮ ﺑﻌﺪم اﻟﺴﻌﺎدة؟,5- أبدًا,4- نادرًا,3- أحيانًا,2- غالبًا,1- دائمًا
ه) اﻷﺳﺌﻠﺔ اﻟﺘﺎﻟﯿﺔ ﺗﺘﻌﻠﻖ ﺑﻤﻈﮭﺮك ﯾﺪك ﺧﻼل اﻷﺳﺒﻮع اﻟﻤﺎﺿﻲ. (ﯾﺮﺟﻰ ﺗﺤﺪﯾﺪ إﺟﺎﺑﺔ واﺣﺪة ﻟﻜﻞ ﺳﺆال)
1) ﯾﺪك اﻟﯿﻤﻨﻰ
1. أﻧﺎ راضٍ ﻋﻦ ﻣﻈﮭﺮ ﯾﺪي اﻟﯿﻤﻨﻰ,5- أﻋﺎرض ﺑﺸﺪة,4- أﻋﺎرض,3- ﻻ أواﻓﻖ وﻻ أﻋﺎرض,2- أواﻓﻖ,1- أواﻓﻖ ﺑﺸﺪة
2. ﻣﻈﮭﺮ ﯾﺪي اﻟﯿﻤﻨﻰ ﯾﺠﻌﻠﻨﻲ أﺷﻌﺮ ﺑﻌﺪم اﻻرﺗﯿﺎح أﺣﯿﺎﻧًﺎ ﻓﻲ اﻷﻣﺎﻛﻦ اﻟﻌﺎﻣﺔ,5- أﻋﺎرض ﺑﺸﺪة,4- أﻋﺎرض,3- ﻻ أواﻓﻖ وﻻ أﻋﺎرض,2- أواﻓﻖ,1- أواﻓﻖ ﺑﺸﺪة
3. ﻣﻈﮭﺮ ﯾﺪي اﻟﯿﻤﻨﻰ ﺟﻌﻠﻨﻲ أﺷﻌﺮ ﺑﺎﻻﻛﺘﺌﺎب,5- أﻋﺎرض ﺑﺸﺪة,4- أﻋﺎرض,3- ﻻ أواﻓﻖ وﻻ أﻋﺎرض,2- أواﻓﻖ,1- أواﻓﻖ ﺑﺸﺪة
4. ﻣﻈﮭﺮ ﯾﺪي اﻟﯿﻤﻨﻰ أﻋﺎق أﻧﺸﻄﺘﻲ اﻻﺟﺘﻤﺎﻋﯿﺔ اﻟﻄﺒﯿﻌﯿﺔ,5- أﻋﺎرض ﺑﺸﺪة,4- أﻋﺎرض,3- ﻻ أواﻓﻖ وﻻ أﻋﺎرض,2- أواﻓﻖ,1- أواﻓﻖ ﺑﺸﺪة
2) ﯾﺪك اليسرى
1. أﻧﺎ راضٍ ﻋﻦ ﻣﻈﮭﺮ ﯾﺪي اليسرى,5- أﻋﺎرض ﺑﺸﺪة,4- أﻋﺎرض,3- ﻻ أواﻓﻖ وﻻ أﻋﺎرض,2- أواﻓﻖ,1- أواﻓﻖ ﺑﺸﺪة
2. ﻣﻈﮭﺮ ﯾﺪي اليسرى ﯾﺠﻌﻠﻨﻲ أﺷﻌﺮ ﺑﻌﺪم اﻻرﺗﯿﺎح أﺣﯿﺎﻧًﺎ ﻓﻲ اﻷﻣﺎﻛﻦ اﻟﻌﺎﻣﺔ,5- أﻋﺎرض ﺑﺸﺪة,4- أﻋﺎرض,3- ﻻ أواﻓﻖ وﻻ أﻋﺎرض,2- أواﻓﻖ,1- أواﻓﻖ ﺑﺸﺪة
3. ﻣﻈﮭﺮ ﯾﺪي اليسرى ﺟﻌﻠﻨﻲ أﺷﻌﺮ ﺑﺎﻻﻛﺘﺌﺎب,5- أﻋﺎرض ﺑﺸﺪة,4- أﻋﺎرض,3- ﻻ أواﻓﻖ وﻻ أﻋﺎرض,2- أواﻓﻖ,1- أواﻓﻖ ﺑﺸﺪة
4. ﻣﻈﮭﺮ ﯾﺪي اليسرى أﻋﺎق أﻧﺸﻄﺘﻲ اﻻﺟﺘﻤﺎﻋﯿﺔ اﻟﻄﺒﯿﻌﯿﺔ,5- أﻋﺎرض ﺑﺸﺪة,4- أﻋﺎرض,3- ﻻ أواﻓﻖ وﻻ أﻋﺎرض,2- أواﻓﻖ,1- أواﻓﻖ ﺑﺸﺪة
و) اﻷﺳﺌﻠﺔ اﻟﺘﺎﻟﯿﺔ ﺗﺘﻌﻠﻖ ﺑﻤﺪى رﺿﺎك ﻋﻦ ﯾﺪك/رﺳﻐﻚ ﺧﻼل اﻷﺳﺒﻮع اﻟﻤﺎﺿﻲ (ﯾﺮﺟﻰ ﺗﺤﺪﯾﺪ إﺟﺎﺑﺔ واﺣﺪة ﻟﻜﻞ ﺳﺆال)
1) ﯾﺪك اﻟﯿﻤﻨﻰ1) ﯾﺪك/رسغك الأيمن
1. اﻟﻮظﯿﻔﺔ اﻟﻌﺎﻣﺔ ﻟﯿﺪك اﻟﯿﻤﻨﻰ,5- ﻏﯿﺮ راضٍ ﺟﺪًا,4- ﻏﯿﺮ راضٍ ﺑﻌﺾ اﻟﺸﻲء,3- ﻻ راضٍ وﻻ ﻏﯿﺮ راضٍ,2- راضٍ ﺑﻌﺾ اﻟﺸﻲء,1- راضٍ ﺟﺪًا
2. ﺣﺮﻛﺔ اﻷﺻﺎﺑﻊ ﻓﻲ ﯾﺪك اﻟﯿﻤﻨﻰ,5- ﻏﯿﺮ راضٍ ﺟﺪًا,4- ﻏﯿﺮ راضٍ ﺑﻌﺾ اﻟﺸﻲء,3- ﻻ راضٍ وﻻ ﻏﯿﺮ راضٍ,2- راضٍ ﺑﻌﺾ اﻟﺸﻲء,1- راضٍ ﺟﺪًا
3. ﺣﺮﻛﺔ رﺳﻐﻚ اﻷﯾﻤﻦ,5- ﻏﯿﺮ راضٍ ﺟﺪًا,4- ﻏﯿﺮ راضٍ ﺑﻌﺾ اﻟﺸﻲء,3- ﻻ راضٍ وﻻ ﻏﯿﺮ راضٍ,2- راضٍ ﺑﻌﺾ اﻟﺸﻲء,1- راضٍ ﺟﺪًا
4. ﻗﻮة ﯾﺪك اﻟﯿﻤﻨﻰ,5- ﻏﯿﺮ راضٍ ﺟﺪًا,4- ﻏﯿﺮ راضٍ ﺑﻌﺾ اﻟﺸﻲء,3- ﻻ راضٍ وﻻ ﻏﯿﺮ راضٍ,2- راضٍ ﺑﻌﺾ اﻟﺸﻲء,1- راضٍ ﺟﺪًا
5. ﻣﺴﺘﻮى اﻷﻟﻢ ﻓﻲ ﯾﺪك اﻟﯿﻤﻨﻰ,5- ﻏﯿﺮ راضٍ ﺟﺪًا,4- ﻏﯿﺮ راضٍ ﺑﻌﺾ اﻟﺸﻲء,3- ﻻ راضٍ وﻻ ﻏﯿﺮ راضٍ,2- راضٍ ﺑﻌﺾ اﻟﺸﻲء,1- راضٍ ﺟﺪًا
6. اﻹﺣﺴﺎس (اﻟﺸﻌﻮر) ﻓﻲ ﯾﺪك اﻟﯿﻤﻨﻰ,5- ﻏﯿﺮ راضٍ ﺟﺪًا,4- ﻏﯿﺮ راضٍ ﺑﻌﺾ اﻟﺸﻲء,3- ﻻ راضٍ وﻻ ﻏﯿﺮ راضٍ,2- راضٍ ﺑﻌﺾ اﻟﺸﻲء,1- راضٍ ﺟﺪًا
1) ﯾﺪك/رسغك الأيسر
1. اﻟﻮظﯿﻔﺔ اﻟﻌﺎﻣﺔ ﻟﯿﺪك اليسرى,5- ﻏﯿﺮ راضٍ ﺟﺪًا,4- ﻏﯿﺮ راضٍ ﺑﻌﺾ اﻟﺸﻲء,3- ﻻ راضٍ وﻻ ﻏﯿﺮ راضٍ,2- راضٍ ﺑﻌﺾ اﻟﺸﻲء,1- راضٍ ﺟﺪًا
2. ﺣﺮﻛﺔ اﻷﺻﺎﺑﻊ ﻓﻲ ﯾﺪك اليسرى,5- ﻏﯿﺮ راضٍ ﺟﺪًا,4- ﻏﯿﺮ راضٍ ﺑﻌﺾ اﻟﺸﻲء,3- ﻻ راضٍ وﻻ ﻏﯿﺮ راضٍ,2- راضٍ ﺑﻌﺾ اﻟﺸﻲء,1- راضٍ ﺟﺪًا
3. ﺣﺮﻛﺔ رﺳﻐﻚ الأيسر,5- ﻏﯿﺮ راضٍ ﺟﺪًا,4- ﻏﯿﺮ راضٍ ﺑﻌﺾ اﻟﺸﻲء,3- ﻻ راضٍ وﻻ ﻏﯿﺮ راضٍ,2- راضٍ ﺑﻌﺾ اﻟﺸﻲء,1- راضٍ ﺟﺪًا
4. ﻗﻮة ﯾﺪك اليسرى,5- ﻏﯿﺮ راضٍ ﺟﺪًا,4- ﻏﯿﺮ راضٍ ﺑﻌﺾ اﻟﺸﻲء,3- ﻻ راضٍ وﻻ ﻏﯿﺮ راضٍ,2- راضٍ ﺑﻌﺾ اﻟﺸﻲء,1- راضٍ ﺟﺪًا
5. ﻣﺴﺘﻮى اﻷﻟﻢ ﻓﻲ ﯾﺪك اليسرى,5- ﻏﯿﺮ راضٍ ﺟﺪًا,4- ﻏﯿﺮ راضٍ ﺑﻌﺾ اﻟﺸﻲء,3- ﻻ راضٍ وﻻ ﻏﯿﺮ راضٍ,2- راضٍ ﺑﻌﺾ اﻟﺸﻲء,1- راضٍ ﺟﺪًا
6. اﻹﺣﺴﺎس (اﻟﺸﻌﻮر) ﻓﻲ ﯾﺪك اليسرى,5- ﻏﯿﺮ راضٍ ﺟﺪًا,4- ﻏﯿﺮ راضٍ ﺑﻌﺾ اﻟﺸﻲء,3- ﻻ راضٍ وﻻ ﻏﯿﺮ راضٍ,2- راضٍ ﺑﻌﺾ اﻟﺸﻲء,1- راضٍ ﺟﺪًا
ز) ﯾﺮﺟﻰ ﺗﻘﺪﯾﻢ اﻟﻤﻌﻠﻮﻣﺎت اﻟﺘﺎﻟﯿﺔ ﻋﻦ ﻧﻔﺴﻚ (ﯾﺮﺟﻰ ﺗﺤﺪﯾﺪ إﺟﺎﺑﺔ واﺣﺪة ﻟﻜﻞ ﺳﺆال)
1. ھﻞ أﻧﺖ أﻋﺴﺮ أم أﯾﻤﻦ؟,أيمن,أعسر,كلاهما
2. ﻣﺎ هي ﺧﻠﻔﯿﺘﻚ اﻟﻌﺮﻗﯿﺔ؟,ﻣﻦ أﺻﻞ اﺳﺒﺎﻧﻲ أو ﻻﺗﯿﻨﻲ,ﻟﯿﺲ ﻣﻦ أﺻﻞ اﺳﺒﺎﻧﻲ أو ﻻﺗﯿﻨﻲ
3. ﻣﺎ ھي ﺧﻠﻔﯿﺘﻚ اﻟﻌﺮﻗﯿﺔ؟ ﯾﺮﺟﻰ اﻟﺘﺤﺪﯾﺪ إذا ﻟﯿﺴﺖ ﺑﯿﻦ اﻟﺨﯿﺎرات,خلفية عرقية أخرى: __________,أﺑﯿﺾ,أﺳﻮد أو أﻣﺮﯾﻜﻲ ﻣﻦ أﺻﻞ أﻓﺮﯾﻘﻲ,ﺳﻜﺎن ھﺎواي اﻷﺻﻠﯿﻮن أو أي ﻣﻦ ﺳﻜﺎن ﺟﺰر اﻟﻤﺤﯿﻂ اﻟﮭﺎدئ اﻷﺧﺮى,آﺳﯿﻮي,أﻣﺮﯾﻜﻲ ھﻨﺪي أو ﻣﻦ ﺳﻜﺎن أﻻﺳﻜﺎ اﻷﺻﻠﯿﯿﻦ
4.أ) ﻛﻢ ﻣﻦ اﻟﻮﻗﺖ ﺑﻌﺪ اﻟﺠﺮاﺣﺔ ﻣﺮّ ﻗﺒﻞ أن ﺗﻌﺪ إﻟﻰ اﻟﻌﻤﻞ؟
4.ب) ﯾﺮﺟﻰ وﺻﻒ ﻧﻮع اﻟﻌﻤﻞ اﻟﺬي ﺗﻘﻮم ﺑﮫ اﻵن
5. ﻛﻢ ﻣﻦ اﻟﻮﻗﺖ ﺑﻌﺪ اﻟﺠﺮاﺣﺔ ﻣﺮّ ﻗﺒﻞ أن ﺗﻌﺪ إﻟﻰ اﻟﻌﻤﻞ؟
6. ﻛﻢ ﻣﻦ اﻟﻮﻗﺖ ﺑﻌﺪ اﻟﺠﺮاﺣﺔ ﻋﺪت إﻟﻰ ﻧﻔﺲ اﻟﻮظﯿﻔﺔ اﻟﺘﻲ ﻛﻨﺖ ﺗﻘﻮم ﺑﮭﺎ ﻗﺒﻞ إﺻﺎﺑﺘﻚ؟
7. ﻣﺎ ھﻮ ﺟﻨﺴﻚ؟,ذكر,أنثى
8. ﻣﺎ ھﻮ أﻋﻠﻰ ﻣﺴﺘﻮى ﺗﻌﻠﯿﻤﻲ ﺗﻠﻘﯿﺘﮫ؟,اﻟﺪراﺳﺎت اﻟﻌﻠﯿﺎ,ﺣﺎﺋﺰ ﻋﻠﻰ ﻣﺎﺟﯿﺴﺘﺮ,ﺧﺮﯾﺞ ﺟﺎﻣﻌﺔ,اﻟﻤﺪرﺳﺔ اﻟﻤﮭﻨﯿﺔ/اﻟﺘﻘﻨﯿﺔ,ﺧﺮﯾﺞ اﻟﻤﺪرﺳﺔ اﻟﺜﺎﻧﻮﯾﺔ,أﻗﻞ ﻣﻦ ﺧﺮﯾﺞ ﺛﺎﻧﻮﯾﺔ ﻋﺎﻣﺔ
9. ﻣﺎ ھﻮ دﺧﻠﻚ اﻷﺳﺮي اﻟﺘﻘﺮﯾﺒﻲ ﺑﻤﺎ ﻓﻲ ذﻟﻚ اﻷﺟﻮر، دﻓﻌﺎت اﻟﻌﺠﺰ، دﺧﻞ اﻟﺘﻘﺎﻋﺪ واﻟﺮﻓﺎه؟,أكثر من 70،000 دولار,60،000 دولارًا – 69،999 دولار,50،000 دولارًا – 59،999 دولار,40،000 دولارًا – 49،999 دولار,30،000 دولارًا – 39،999 دولار,20،000 دولارًا – 29،999 دولار,10،000 دولارًا – 19،999 دولار,أﻗﻞ ﻣﻦ 10،000 دوﻻر
شكرًا جزيلاً على تعبئة هذا الاستبيان.
